{
  "total_time": 12.436844110488892,
  "layer_times": [
    0.0002853870391845703,
    0.0003159046173095703,
    0.0008876323699951172,
    0.0033218860626220703,
    0.014289140701293945,
    0.05765581130981445,
    0.23484206199645996,
    0.8078336715698242,
    2.889500856399536,
    8.427911758422852
  ],
  "layer_sizes": [
    4,
    25,
    121,
    568,
    2144,
    8231,
    27473,
    92244,
    279241,
    300000
  ],
  "solved_per_layer": [
    0,
    0,
    0,
    0,
    0,
    0,
    0,
    364,
    949,
    9710
  ],
  "propagated_per_layer": [
    0,
    0,
    0,
    0,
    0,
    0,
    0,
    0,
    0,
    0
  ]
}